chain,pos
A,26
A,29
A,30
A,31
A,33
A,34
A,35
A,36
A,37
A,38
A,39
A,70
A,134
A,135
A,136
A,137
A,151
A,152
A,153
A,154
A,157
A,158
A,159
A,160
A,161
A,162
A,163
A,164
A,165
A,166
A,167
A,168
A,170
A,204
A,205
A,208
A,260
A,285
A,286
A,287
A,288
A,289
A,290
A,292
A,304
A,306
A,307
A,308
A,309
A,310
A,311
A,312
A,313
A,347
A,360
A,361
A,362
A,363
A,372
A,373
A,374
A,375
A,378
A,379
A,380
A,381
A,382
A,383
A,384
A,387
A,388
A,389
A,402
A,403
A,404
A,405
A,406
A,407
A,408
A,409
A,410
A,411
A,412
A,413
A,414
A,416
